id;updatedDate;publishedDate;title;summary;authors;category;metaData;downloadLink;filePath
http://arxiv.org/abs/hep-ph/0604226v1;2006-04-26T12:48:50Z;2006-04-26T12:48:50Z;SingleSpinAsymmetriesAndGaugeInvarianceInHardScatteringProcesses.pdf;  In This Phd Thesis Effects From Intrinsic Transverse Momentum Are Studied Inseveral Hard Scattering Processes With An Emphasis On Color Gauge Invariance.the Thesis Is Intended For Beginning Phd Students As Well As For The Experts.;Fetze Pijlman;hep-ph;160 pages, 138 figures, PhD thesis;http://arxiv.org/pdf/hep-ph/0604226v1.pdf;./files/SingleSpinAsymmetriesAndGaugeInvarianceInHardScatteringProcesses.pdf
http://arxiv.org/abs/0704.1309v1;2007-04-10T21:05:31Z;2007-04-10T21:05:31Z;QuantumStateTransferWithSpinChains.pdf;  The Thesis Covers Various Aspects Of Quantum State Transfer In Permanentlycoupled Spin Systems.;Daniel Burgarth;quant-ph;PhD thesis, December 2006, University College London, 142 pages;http://arxiv.org/pdf/0704.1309v1.pdf;./files/QuantumStateTransferWithSpinChains.pdf
http://arxiv.org/abs/1109.5268v1;2011-09-24T14:06:58Z;2011-09-24T14:06:58Z;ProofOfALorentzAndLeviCivitaThesis.pdf;  A Formal Proof Of The Thesis By Lorentz And Levi Civita That The Left Handside Of Einstein Field Equations Represents The Real Energy Momentum Stresstensor Of The Gravitational Field.;A. Loinger;physics.gen-ph;5 pages;http://arxiv.org/pdf/1109.5268v1.pdf;./files/ProofOfALorentzAndLeviCivitaThesis.pdf
http://arxiv.org/abs/1405.3642v1;2014-04-24T19:54:01Z;2014-04-24T19:54:01Z;ProteinStructureDeterminationUsingChemicalShifts.pdf;  In This Phd Thesis, A Novel Method To Determine Protein Structures Usingchemical Shifts Is Presented.;Anders S. Christensen;physics.chem-ph;Univ Copenhagen PhD thesis (2014) in Biochemistry;http://arxiv.org/pdf/1405.3642v1.pdf;./files/ProteinStructureDeterminationUsingChemicalShifts.pdf
http://arxiv.org/abs/0902.3241v1;2009-02-18T23:10:41Z;2009-02-18T23:10:41Z;ThePenroseInequalityInGeneralRelativityAndVolumeComparisonTheoremsInvolvingScalarCurvatureThesis.pdf;  In This Thesis We Describe How Minimal Surface Techniques Can Be Used Toprove The Penrose Inequality In General Relativity For Two Classes Of3 Manifolds. We Also Describe How A New Volume Comparison Theorem Involvingscalar Curvature For 3 Manifolds Follows From These Same Techniques.;Hubert L. Bray;math.DG;"(111 pages, 8 figures) This posting is my thesis (Stanford, 1997). I
  have not gotten around to publishing these results as of 2009, although I
  have always had the intention to do so. Since multiple papers have cited this
  thesis, I am posting it here";http://arxiv.org/pdf/0902.3241v1.pdf;./files/ThePenroseInequalityInGeneralRelativityAndVolumeComparisonTheoremsInvolvingScalarCurvatureThesis.pdf
http://arxiv.org/abs/hep-th/9908199v1;1999-08-30T14:56:40Z;1999-08-30T14:56:40Z;AspectsOfDuality.pdf;  This Thesis Discusses Various Aspects Of Duality In Quantum Field Theory Andstring Theory. In The First Part We Consider Duality In Topological Quantumfield Theories, Concentrating On The Donaldson And Seiberg Witten Theories As Dual  Approaches To The Study Of Four Manifolds. Lower Dimensional Variants Ofthese Theories Are Also Discussed. In The Second Part Of The Thesis We Discussduality In 2d Sigma Models By Studying The Interplay Between Renormalizationgroup Flows   As Generated By The Beta Functions   And T Duality. Thehypothesis Put Forward In The Thesis Is That For These To Be Mutuallyconsistent, They Should Commute As Operators In Parameter Space. The Last Partof The Thesis Bring These Subjects Into Perspective By Reviewing Somenonperturbative Dualities In String Theory.;Kasper Olsen;hep-th;140 pages, PhD thesis March 1999;http://arxiv.org/pdf/hep-th/9908199v1.pdf;./files/AspectsOfDuality.pdf
http://arxiv.org/abs/0704.3907v1;2007-04-30T09:37:41Z;2007-04-30T09:37:41Z;DevelopmentsInEntanglementTheoryAndApplicationsToRelevantPhysicalSystems.pdf;  This Thesis Is Devoted To The Analysis Of Entanglement In Relevant Physicalsystems. Entanglement Is The Conducting Theme Of This Research, Though I Do Notdedicate To A Single Topic, But Consider A Wide Scope Of Physical Situations. Ihave Followed Mainly Three Lines Of Research For This Thesis, With A Series Ofdifferent Works Each, Which Are, Entanglement And Relativistic Quantum Theory,continuous Variable Entanglement, And Multipartite Entanglement.;Lucas Lamata;quant-ph;Ph.D. Thesis, April 2007, Universidad Autonoma de Madrid;http://arxiv.org/pdf/0704.3907v1.pdf;./files/DevelopmentsInEntanglementTheoryAndApplicationsToRelevantPhysicalSystems.pdf
http://arxiv.org/abs/1708.09430v1;2017-08-30T19:05:25Z;2017-08-30T19:05:25Z;AsymptoticsInTheTimeDependentHawkingAndUnruhEffects.pdf;  In This Thesis, We Study The Hawking And Unruh Effects In Time Dependentsituations, As Registered By Localised Spacetimes Observers In Severalasymptotic Situations.   Full Abstract Inside Document. ;Benito A. Juárez-Aubry;gr-qc;"Thesis submitted to the University of Nottingham for the Degree of
  Doctor of Philosophy. Thesis supervisor: Dr. Jorma Louko. 230 pages. 20
  figures";http://arxiv.org/pdf/1708.09430v1.pdf;./files/AsymptoticsInTheTimeDependentHawkingAndUnruhEffects.pdf
http://arxiv.org/abs/1610.06226v1;2016-10-19T21:25:20Z;2016-10-19T21:25:20Z;AtTheFrontierOfPrecisionQcdInTheLhcEra.pdf;  This Thesis Discusses Recent Advances In Precision Calculations Of Quantumchromodynamics And Their Application To The Large Hadron Collider  Lhc  Physicsprogram And Beyond.;Alexander Karlberg;hep-ph;Thesis;http://arxiv.org/pdf/1610.06226v1.pdf;./files/AtTheFrontierOfPrecisionQcdInTheLhcEra.pdf
http://arxiv.org/abs/1301.0692v1;2013-01-04T09:37:44Z;2013-01-04T09:37:44Z;EntanglementWitnessingBasedOnPositiveMapsCharacterizationOfAClassOfBipartiteNXNQubitSystems.pdf;  In This Thesis Work, We Have Studied The Role Of Positive And Completelypositive Maps In Detecting Entanglement.;Mahya Karbalaii;math-ph;116 pages, 9 figures, PhD Thesis;http://arxiv.org/pdf/1301.0692v1.pdf;./files/EntanglementWitnessingBasedOnPositiveMapsCharacterizationOfAClassOfBipartiteNXNQubitSystems.pdf
http://arxiv.org/abs/1304.2941v1;2013-04-10T12:53:22Z;2013-04-10T12:53:22Z;VeryHighPrecisionCalculationsInPhysics.pdf;  This Is The Introductory Part Of My Ph.d Thesis, Defended At The Faculty Ofscience And Technology, Ntnu On December 10, 2012.;Amna Noreen;math-ph;10 + 59 pages, 10 figures;http://arxiv.org/pdf/1304.2941v1.pdf;./files/VeryHighPrecisionCalculationsInPhysics.pdf
http://arxiv.org/abs/1305.5583v1;2013-05-23T23:46:47Z;2013-05-23T23:46:47Z;SomeSolvableQuantumMechanicalModelsAndTheirSymmetries.pdf;  This Thesis Is Focused On Some Solvable Quantum Mechanical Models And Theirassociated Symmetries.;Bikashkali Midya;math-ph;"Ph.D. Thesis. arXiv admin note: text overlap with
  arXiv:quant-ph/0401031, arXiv:hep-th/0703096, arXiv:hep-th/9405029 by other
  authors";http://arxiv.org/pdf/1305.5583v1.pdf;./files/SomeSolvableQuantumMechanicalModelsAndTheirSymmetries.pdf
http://arxiv.org/abs/hep-th/9911038v1;1999-11-05T15:59:31Z;1999-11-05T15:59:31Z;HighEnergyLimitsOfVariousActions.pdf;  This Is A Thesis Submitted For The Cand.scient. Degree At The University Ofoslo. It Is Meant To Give A Thorough Presentation Of Two Methods For Derivingtensionless Limits Of Strings, And The Analogue In Other Models. Also, Theapplicability Of These Methods Are Investigated By Explicitly Going Through Thecalculations For A Variety Of Models. An Important Part Of The Thesis Is Thestudy Of Constrained Hamiltonian Systems.;Harald G. Svendsen;hep-th;Thesis, 80 pages, 1 figure;http://arxiv.org/pdf/hep-th/9911038v1.pdf;./files/HighEnergyLimitsOfVariousActions.pdf
http://arxiv.org/abs/1907.02726v1;2019-07-05T08:42:16Z;2019-07-05T08:42:16Z;CyclicMutuallyUnbiasedBasesAndQuantumPublicKeyEncryption.pdf;  The Thesis Is Mainly About The Construction And Implementation Of Cyclicmutually Unbiased Bases, Dealing With Different Entanglement Structures Bydiscussing The Related Group Structures. A Recursive Construction For Fermatnumber Dimensions Is Given And Related To Wiedemann's Conjecture For Systemswith More Than 2048 Qubits. The Second Part Of The Thesis Analyses A Quantumpublic Key Encryption Scheme.;Ulrich Seyfarth;quant-ph;PhD thesis, published 2013. 156 pages;http://arxiv.org/pdf/1907.02726v1.pdf;./files/CyclicMutuallyUnbiasedBasesAndQuantumPublicKeyEncryption.pdf
http://arxiv.org/abs/math/9908030v1;1999-08-06T20:49:55Z;1999-08-06T20:49:55Z;DiscreteGrowthModels.pdf;  Part I Of The Thesis Gives A Complete Analysis Of Gaps In A One Dimensionalcreation Annihilation Model. Part Ii Contains A Proof Of The Existence Ofinfinitely Many Holes In The Two Dimensional Dla Cluster.;Dorothea M. Eberz-Wagner;math.PR;Ph. D. Thesis (University of Washington);http://arxiv.org/pdf/math/9908030v1.pdf;./files/DiscreteGrowthModels.pdf
http://arxiv.org/abs/math/0011134v1;2000-11-18T03:15:15Z;2000-11-18T03:15:15Z;TwoDimensionalDynamicalSystemsAdmittingTheNormalShift.pdf;  Two Dimensional Case In The Theory Of Dynamical Systems Admitting The Normalshift Differs Crucially From Multidimensional Case. Features Of Two Dimensionalcase Are Gathered And Studied In This Thesis.;Andrey Boldin;math.DG;Thesis for the degree of Candidate of Sciences in Russia;http://arxiv.org/pdf/math/0011134v1.pdf;./files/TwoDimensionalDynamicalSystemsAdmittingTheNormalShift.pdf
http://arxiv.org/abs/0806.2013v1;2008-06-12T07:27:47Z;2008-06-12T07:27:47Z;SomeStudiesInNoncommutativeQuantumFieldTheories.pdf;  The Central Theme Of This Thesis Is To Study Some Aspects Of Noncommutativequantum Mechanics And Noncommutative Quantum Field Theory. We Explore Hownoncommutative Structures Can Emerge And Study The Consequences Of Suchstructures In Various Physical Models.;Sunandan Gangopadhyay;hep-th;Ph.D. thesis (2008), Advisor : Biswajit Chakraborty;http://arxiv.org/pdf/0806.2013v1.pdf;./files/SomeStudiesInNoncommutativeQuantumFieldTheories.pdf
http://arxiv.org/abs/0906.1167v1;2009-06-05T16:59:51Z;2009-06-05T16:59:51Z;SpinModelsOfCalogeroSutherlandTypeAndAssociatedSpinChains.pdf;"  Several Topics Related To Quantum Spin Models Of Calogero Sutherland Type,partially Solvable Spin Chains And Polychronakos's ""freezing Trick"" Arerigorously Studied.";Alberto Enciso;math-ph;Ph.D. Thesis, Universidad Complutense (Thesis Defense: May 4, 2007);http://arxiv.org/pdf/0906.1167v1.pdf;./files/SpinModelsOfCalogeroSutherlandTypeAndAssociatedSpinChains.pdf
http://arxiv.org/abs/1104.1922v1;2011-04-11T12:01:10Z;2011-04-11T12:01:10Z;SomeNonPerturbativeAspectsOfGaugeTheories.pdf;  In This Thesis We Study Some Non Perturbative Aspects Of Gauge Theories. Wegive Particular Emphasis On The Understanding Of Dual Confinement Of Magneticmonopoles By Using Flux Tube Configurations.;Chandrasekhar Chatterjee;hep-th;Ph.D. thesis. Supervisor: Dr. Amitabha Lahiri;http://arxiv.org/pdf/1104.1922v1.pdf;./files/SomeNonPerturbativeAspectsOfGaugeTheories.pdf
http://arxiv.org/abs/0907.3132v1;2009-07-17T07:57:56Z;2009-07-17T07:57:56Z;NumericalModelingOfFluidFlowThroughPorousMediaModelowanieNumeryczneTransportuPlynowPrzezOsrodkiPorowate.pdf;"  The Aim Of The Thesis Is To Present And Analyze Two Particular Problems Oftransport In Porous Media Flow. The First Of Them Is Related To The Process Ofsaturation Of Porous Building Materials. Recently, M. K\""untz And P. Laval\'ee,using A Computer Model Of This Process, Have Concluded That The Anomalousdiffusion Assumption Is Correct. In This Thesis I Present An Alternativeexplanation Of This Results Without Any Refer To Anomalous Diffusion. Thesecond Part Of The Thesis Covers The Numerical Analysis Of The Tortuosity Ofthe Flow    One Of A Very Interesting Physical Macroscopic Variablescharacterizing Transport In Porous Media.  In Polish ";Maciej Matyka;physics.comp-ph;80 pages, PhD Thesis, in Polish;http://arxiv.org/pdf/0907.3132v1.pdf;./files/NumericalModelingOfFluidFlowThroughPorousMediaModelowanieNumeryczneTransportuPlynowPrzezOsrodkiPorowate.pdf
http://arxiv.org/abs/hep-lat/0211028v1;2002-11-15T16:52:47Z;2002-11-15T16:52:47Z;DimensionalReductionOfLatticeGaugeTheoryIn21D.pdf;  This Is My Ph.d. Thesis Defended Earlier This Year. It Contains Mostlyinformation Already Presented In Previous Bielefeld Saclay Papers On Thissubject, Though In More Detailed Form. It Also Includes Actual Calculations Andsome Unpublished Material On Phase Structure Of The Reduced Model.;Konstantin Petrov;hep-lat;ph.d. thesis;http://arxiv.org/pdf/hep-lat/0211028v1.pdf;./files/DimensionalReductionOfLatticeGaugeTheoryIn21D.pdf
http://arxiv.org/abs/hep-th/0011248v1;2000-11-28T11:41:49Z;2000-11-28T11:41:49Z;PoissonStructureInducedFieldTheoriesAndModelsOf11DimensionalGravity.pdf;  Phd Thesis Tu Vienna, May 1994. Table Of Contents  1. Introduction, 2.poisson Structure Induced Two Dimensional Field Theories, 3. Models Of Gravityin 1 1 Dimensions;Thomas Strobl;hep-th;"86 pages, 8 figures, PhD thesis TU-Vienna, May 1994, awarded with the
  Austrian Viktor Hess price 1995";http://arxiv.org/pdf/hep-th/0011248v1.pdf;./files/PoissonStructureInducedFieldTheoriesAndModelsOf11DimensionalGravity.pdf
http://arxiv.org/abs/hep-th/0204043v1;2002-04-04T13:55:35Z;2002-04-04T13:55:35Z;MarginalDeformationsOfN=4SymAndOfItsSupersymmetricOrbifoldDescendants.pdf;  In This Thesis Exactly Marginal Deformations Of Field Theories Living Ond3 Branes At Low Energies Are Studied. These Theories Include  N=4 Supersymmetric Yang Mills Theory And Theories Obtained From It Via Theorbifolding Procedure.;Shlomo S. Razamat;hep-th;102 pages, MSc thesis;http://arxiv.org/pdf/hep-th/0204043v1.pdf;./files/MarginalDeformationsOfN=4SymAndOfItsSupersymmetricOrbifoldDescendants.pdf
http://arxiv.org/abs/hep-th/0205060v1;2002-05-07T11:45:29Z;2002-05-07T11:45:29Z;ThreebranesInFTheory.pdf;  This Is A Phd Thesis Submitted To The University Of The Witwatersrand. Thephd Focusses On The Computation Of Non Holomorphic Corrections And The Study Ofmonopole Solutions In N=2 Susy Yang Mills Theories From The Perspective Ofthreebranes In F Theory.;Alastair Paulin-Campbell;hep-th;"Phd. Thesis, accepted by the University of the Witwatersrand. 126
  pages";http://arxiv.org/pdf/hep-th/0205060v1.pdf;./files/ThreebranesInFTheory.pdf
http://arxiv.org/abs/math/0312175v1;2003-12-09T00:05:55Z;2003-12-09T00:05:55Z;ConstructionsWithBundleGerbes.pdf;  This Thesis Develops The Theory Of Bundle Gerbes And Examines A Number Ofuseful Constructions In This Theory. These Allow Us To Gain A Greater Insightinto The Structure Of Bundle Gerbes And Related Objects. Furthermore Theynaturally Lead To Some Interesting Applications In Physics.;Stuart Johnson;math.DG;PhD thesis, 137 pages;http://arxiv.org/pdf/math/0312175v1.pdf;./files/ConstructionsWithBundleGerbes.pdf
http://arxiv.org/abs/quant-ph/0404098v1;2004-04-16T15:46:05Z;2004-04-16T15:46:05Z;ContributionALaRechercheDesEquationsDeMouvementEnMecaniqueQuantiqueEtAUneInterpretationDeterministe.pdf;  In This Thesis, We Present The Deterministic Approach Of Quantum Mechanicsalready Presented In Quant Ph 0103071  Phys. Lett. A 285  2001  27 33  Of Whichthis Thesis Is The Embryo.;T. Djama;quant-ph;Tex, 79 pages, no figures;http://arxiv.org/pdf/quant-ph/0404098v1.pdf;./files/ContributionALaRechercheDesEquationsDeMouvementEnMecaniqueQuantiqueEtAUneInterpretationDeterministe.pdf
http://arxiv.org/abs/quant-ph/0612072v1;2006-12-10T20:52:42Z;2006-12-10T20:52:42Z;"EntanglementDistillation;ADiscourseOnBoundEntanglementInQuantumInformationTheory.pdf";  Phd Thesis  University Of York . The Thesis Covers In A Unified Way Thematerial Presented In Quant Ph 0403073, Quant Ph 0502040, Quant Ph 0504160,quant Ph 0510035, Quant Ph 0512012 And Quant Ph 0603283. It Includes Two Largereview Chapters On Entanglement And Distillation.;Lieven Clarisse;quant-ph;192 pages;http://arxiv.org/pdf/quant-ph/0612072v1.pdf;"./files/EntanglementDistillation;ADiscourseOnBoundEntanglementInQuantumInformationTheory.pdf"
http://arxiv.org/abs/1209.2726v1;2012-09-12T20:49:27Z;2012-09-12T20:49:27Z;ExactSolutionsAndBlackHoleStabilityInHigherDimensionalSupergravityTheories.pdf;  This Thesis Examines Exact Solutions To Gauged And Ungauged Supergravitytheories In Space Time Dimensions $d\ge5$ As Well As Various Instabilities Ofsuch Solutions.;Sean Stotyn;hep-th;Ph.D. Thesis, 152 pages, 7 figures;http://arxiv.org/pdf/1209.2726v1.pdf;./files/ExactSolutionsAndBlackHoleStabilityInHigherDimensionalSupergravityTheories.pdf
http://arxiv.org/abs/1409.5626v1;2014-09-19T12:31:52Z;2014-09-19T12:31:52Z;SpectralAndTimingAnalysisOfThePromptEmissionOfGammaRayBursts.pdf;  A Thesis Submitted To The Tata Institute Of Fundamental Research, Mumbai Forthe Degree Of Doctor Of Philosophy In Physics  Supervisor  Prof. A. R. Rao ;Rupal Basak;astro-ph.HE;A Thesis on gamma-ray burst prompt emission analysis;http://arxiv.org/pdf/1409.5626v1.pdf;./files/SpectralAndTimingAnalysisOfThePromptEmissionOfGammaRayBursts.pdf
http://arxiv.org/abs/1407.1494v1;2014-07-06T13:30:28Z;2014-07-06T13:30:28Z;FromSpinTorqueNanoOscillatorsToMemristorsMultiFunctionalNanodevicesForAdvancedComputing.pdf;  This Habilitation Thesis Written In 2013 Reviews My Research Work On Spintorque Nano Oscillators  From Zero Field Oscillations, To Synchronization Andvortex Oscillators  And Memristive Devices  Spin Torque And Ferroelectricmemristors .;Julie Grollier;cond-mat.mtrl-sci;Habilitation Thesis (June 2013);http://arxiv.org/pdf/1407.1494v1.pdf;./files/FromSpinTorqueNanoOscillatorsToMemristorsMultiFunctionalNanodevicesForAdvancedComputing.pdf
http://arxiv.org/abs/1612.07672v1;2016-12-22T16:04:48Z;2016-12-22T16:04:48Z;GeometricSymmetriesAndTopologicalTermsInFTheoryAndFieldTheory.pdf;  In This Thesis We Investigate Topological Aspects And Arithmetic Structuresin Quantum Field Theory And String Theory. Particular Focus Is Put Onconsistent Truncations Of Supergravity And Compactifications Of F Theory.;Andreas Kapfer;hep-th;PhD Thesis;http://arxiv.org/pdf/1612.07672v1.pdf;./files/GeometricSymmetriesAndTopologicalTermsInFTheoryAndFieldTheory.pdf
http://arxiv.org/abs/1708.07564v1;2017-08-24T21:40:33Z;2017-08-24T21:40:33Z;BmsInHigherSpaceTimeDimensionsAndNonRelativisticBms.pdf;  Master's Thesis. We Present A Study Of The Bms Group Is Higher Space Timedimensions, And The Extension Of This Group To Non Relativistic Systems.;D. G. Delmastro;hep-th;Master's thesis;http://arxiv.org/pdf/1708.07564v1.pdf;./files/BmsInHigherSpaceTimeDimensionsAndNonRelativisticBms.pdf
http://arxiv.org/abs/1910.12198v1;2019-10-27T07:01:17Z;2019-10-27T07:01:17Z;EffectusesInCategoricalQuantumFoundations.pdf;  This Thesis Develops The Theory Of Effectuses As A Categorical Axiomaticapproach To Quantum Theory. It Provides A Comprehensive Introduction Toeffectus Theory And Reveals Its Connections With Various Other Topics Andapproaches.;Kenta Cho;quant-ph;PhD thesis, Radboud University (2019);http://arxiv.org/pdf/1910.12198v1.pdf;./files/EffectusesInCategoricalQuantumFoundations.pdf
http://arxiv.org/abs/hep-th/0611039v1;2006-11-03T12:38:28Z;2006-11-03T12:38:28Z;ModuliStabilisationAndApplicationsInIibStringTheory.pdf;  This Article Represents The Author's Phd Thesis. It Describes Modulistabilisation In Iib String Theory And Applications To Phenomenological Topics.the First Half Of The Thesis Starts With An Introductory Review. It Continueswith An Account Of The Statistics Of Complex Structure Moduli Stabilisationbefore Moving To Kahler Moduli Stabilisation. It Describes In Detail Thelarge Volumes Models And Justifies The Assumptions Used In Their Construction.the Second Half Of The Thesis Is Concerned With Applications Tophenomenological Topics. These Include Supersymmetry Breaking And Soft Terms,inflationary Model Building And Axions.;Joseph P. Conlon;hep-th;219 pages, 16 figures. Author's PhD thesis;http://arxiv.org/pdf/hep-th/0611039v1.pdf;./files/ModuliStabilisationAndApplicationsInIibStringTheory.pdf
http://arxiv.org/abs/0712.2173v1;2007-12-13T15:45:52Z;2007-12-13T15:45:52Z;CalabiYauCrystalsInTopologicalStringTheory.pdf;  This Thesis Is Concerned With A Realisation Of Topological Theories In Termsof Statistical Models Known As Calabi Yau Crystals. The Thesis Starts With Anintroduction And Review Of Topological Field And String Theories. Subsequentlyseveral New Results Are Presented. The Main Focus Of The Thesis Is On Thetopological String Theory. In This Case Crystal Models Correspond Tothree Dimensional Partitions And Their Relations With The Topological Vertextheory And Knot Invariants Are Studied. Two Dimensional Crystal Modelscorresponding To Topological Gauge Theories On Ale Spaces Are Also Introducedand Analysed. Essential Mathematical Tools Are Summarised In Appendices.;Piotr Sułkowski;hep-th;PhD thesis, June 2007, 200 pages, introductory chapter in Polish;http://arxiv.org/pdf/0712.2173v1.pdf;./files/CalabiYauCrystalsInTopologicalStringTheory.pdf
http://arxiv.org/abs/1812.00038v1;2018-11-30T20:04:03Z;2018-11-30T20:04:03Z;ThesisSemiRiemannianNoncommutativeGeometry,GaugeTheory,AndTheStandardModelOfParticlePhysics.pdf;  The Subject Of This Phd Thesis Is Noncommutative Geometry   More Specificallyspectral Triples   And How It Can Be Generalized To Semi Riemannian Manifoldsgenerally, And Lorentzian Manifolds In Particular. The First Half Of Thisthesis Will Thus Be Dedicated To The Transition From Riemannian Tosemi Riemannian Manifolds. This Entails A Study Of Clifford Algebras Forindefinite Vector Spaces And Spin Structures On Semi Riemannian Manifolds. Animportant Consequence Of This Is The Introduction Of Krein Spaces, Which Willenable Us To Generalize Spectral Triples To Indefinite Spectral Triples. In Thesecond Half Of This Thesis, We Will Apply The Formalism Of Noncommutativedifferential Forms To Indefinite Spectral Triples To Construct Noncommutativegauge Theories On Lorentzian Spacetimes. We Will Then Demonstrate How Torecover The Standard Model.;Nadir Bizi;math-ph;180 pages, PhD thesis;http://arxiv.org/pdf/1812.00038v1.pdf;./files/ThesisSemiRiemannianNoncommutativeGeometry,GaugeTheory,AndTheStandardModelOfParticlePhysics.pdf
http://arxiv.org/abs/0710.3210v1;2007-10-17T02:51:48Z;2007-10-17T02:51:48Z;Entanglement,Invariants,AndPhylogenetics.pdf;  This Thesis Develops And Expands Upon Known Techniques Of Mathematicalphysics Relevant To The Analysis Of The Popular Markov Model Of Phylogenetictrees Required In Biology To Reconstruct The Evolutionary Relationships Oftaxonomic Units From Biomolecular Sequence Data. The Techniques Of Mathematicalphysics Are Plethora And Have Been Developed For Some Time. The Markov Model Ofphylogenetics And Its Analysis Is A Relatively New Technique Where Mostprogress To Date Has Been Achieved By Using Discrete Mathematics. This Thesistakes A Group Theoretical Approach To The Problem By Beginning With Aremarkable Mathematical Parallel To The Process Of Scattering In Particlephysics. This Is Shown To Equate To Branching Events In The Evolutionaryhistory Of Molecular Units. The Major Technical Result Of This Thesis Is Thederivation Of Existence Proofs And Computational Techniques For Calculatingpolynomial Group Invariant Functions On A Multi Linear Space Where The Groupaction Is That Relevant To A Markovian Time Evolution. The Practical Results Ofthis Thesis Are An Extended Analysis Of The Use Of Invariant Functions Indistance Based Methods And The Presentation Of A New Reconstruction Techniquefor Quartet Trees Which Is Consistent With The Most General Markov Model Ofsequence Evolution.;J G Sumner;q-bio.QM;PhD thesis;http://arxiv.org/pdf/0710.3210v1.pdf;./files/Entanglement,Invariants,AndPhylogenetics.pdf
http://arxiv.org/abs/1210.6186v1;2012-10-23T10:42:03Z;2012-10-23T10:42:03Z;FaddeevRandomPhaseApproximationAppliedToMolecules.pdf;  This Ph.d. Thesis Derives The Equations Of The Faddeev Random Phaseapproximation  Frpa  And Applies The Method To A Set Of Small Atoms Andmolecules. The Occurence Of Rpa Instabilities In The Dissociation Limit Isaddressed In Molecules And By The Study Of The Hubbard Molecule As A Testsystem With Reduced Dimensionality.;Matthias Degroote;physics.chem-ph;Ph.D. thesis;http://arxiv.org/pdf/1210.6186v1.pdf;./files/FaddeevRandomPhaseApproximationAppliedToMolecules.pdf
http://arxiv.org/abs/0802.1616v1;2008-02-12T11:03:24Z;2008-02-12T11:03:24Z;TheWaveEquationOnStaticSingularSpaceTimes.pdf;  The First Part Of My Thesis Lays The Foundations To Generalized Lorentzgeometry. The Basic Algebraic Structure Of Finite Dimensional Modules Over Thering Of Generalized Numbers Is Investigated. The Motivation For This Part Of Mythesis Evolved From The Main Topic, The Wave Equation On Singular Space Times.the Second And Main Part Of My Thesis Is Devoted To Establishing A Localexistence And Uniqueness Theorem For The Wave Equation On Singular Space Times.the Singular Lorentz Metric Subject To Our Discussion Is Modeled Within Thespecial Algebra On Manifolds In The Sense Of Colombeau. Inspired By An Approachto Generalized Hyperbolicity Of Conical Space Times Due To Vickers And Wilson,we Succeed In Establishing Certain Energy Estimates, Which By A Furtherelaborated Equivalence Of Energy Integrals And Sobolev Norms Allow Us To Proveexistence And Uniqueness Of Local Generalized Solutions Of The Wave Equationwith Respect To A Wide Class Of Generalized Metrics. The Third Part Of Mythesis Treats Three Different Point Value Resp. Uniqueness Questions Inalgebras Of Generalized Functions;Eberhard Mayerhofer;math.GM;102 pages, 4 figures, PhD Thesis, concise introduction;http://arxiv.org/pdf/0802.1616v1.pdf;./files/TheWaveEquationOnStaticSingularSpaceTimes.pdf
http://arxiv.org/abs/1710.00874v1;2017-10-02T19:19:39Z;2017-10-02T19:19:39Z;ExcitingNucleonsInComptonScatteringAndHydrogenLikeAtoms.pdf;  This Phd Thesis Is Devoted To The Low Energy Structure Of The Nucleon  Protonand Neutron  As Seen Through Electromagnetic Probes, E.g., Electron And Comptonscattering. The Research Presented Here Is Based Primarily On Dispersion Theoryand Chiral Effective Field Theory. The Main Motivation Is The Recent Protonradius Puzzle, Which Is The Discrepancy Between The Classic Proton Chargeradius Determinations  Based On Electron Proton Scattering And Normal Hydrogenspectroscopy  And The Highly Precise Extraction Based On First Muonic Hydrogenexperiments By The Crema Collaboration. The Precision Of Muonic Hydrogenexperiments Is Presently Limited By The Knowledge Of Proton Structure Effectsbeyond The Charge Radius. A Major Part Of This Thesis Is Devoted To Calculatingthese Effects Using Everything We Know About The Nucleon Electromagneticstructure From Both Theory And Experiment.  The Thesis Consists Of Eight Chapters. The First And Last Are, Respectively,the Introduction And Conclusion. The Remainder Of This Thesis Can Roughly Bedivided Into The Following Three Topics  Finite Size Effects In Hydrogen Likeatoms, Real And Virtual Compton Scattering, And Two Photon Exchange Effects.;Franziska Hagelstein;nucl-th;"PhD thesis,
  https://publications.ub.uni-mainz.de/theses/frontdoor.php?source_opus=100001437";http://arxiv.org/pdf/1710.00874v1.pdf;./files/ExcitingNucleonsInComptonScatteringAndHydrogenLikeAtoms.pdf
http://arxiv.org/abs/1007.3520v1;2010-07-20T21:40:11Z;2010-07-20T21:40:11Z;CircuitQuantumElectrodynamics.pdf;  Circuit Quantum Electrodynamics  Cqed , The Study Of The Interaction Betweensuperconducting Circuits Behaving As Artificial Atoms And 1 Dimensionaltransmission Line Resonators, Has Shown Much Promise For Quantum Informationprocessing Tasks. For The Purposes Of Quantum Computing It Is Usual Toapproximate The Artificial Atoms As 2 Level Qubits, And Much Effort Has Beenexpended On Attempts To Isolate These Qubits From The Environment And To Inventever More Sophisticated Control And Measurement Schemes. Rather Than Focussingon These Technological Aspects Of The Field, This Thesis Investigates Theopportunities For Using These Carefully Engineered Systems For Answeringquestions Of Fundamental Physics.;Lev S. Bishop;cond-mat.mes-hall;"Yale University PhD Thesis (May 2010). 168 pages. To obtain
  hardcopies see http://www.levbishop.com/thesis/";http://arxiv.org/pdf/1007.3520v1.pdf;./files/CircuitQuantumElectrodynamics.pdf
http://arxiv.org/abs/1410.7939v1;2014-10-29T11:27:09Z;2014-10-29T11:27:09Z;EvaluationOfMultiLoopMultiScaleIntegralsAndPhenomenologicalTwoLoopApplications.pdf;  In This Thesis, Major Developments In The Publicly Available Program Secdecare Presented, Extending The Numerical Evaluation Of Multi Loop Multi Scaleintegrals From Euclidean To Physical Kinematics. The Power Of This New Featureis Shown In Two Phenomenological Applications. In The First, Numerical Resultsfor Several Massive Two Loop Four Point Functions Are Shown. In Its Secondapplication Within This Thesis, The Leading Momentum Dependent Two Loopcorrections To The Neutral $\mathcal{cp}$ Even Mssm Higgs Boson Masses Arecalculated. The Results Are Included In The Code Feynhiggs.;Sophia Borowka;hep-ph;"PhD thesis, Max Planck Institute for Physics in Munich (in
  cooperation with the TU Munich), 2014, 197 pages";http://arxiv.org/pdf/1410.7939v1.pdf;./files/EvaluationOfMultiLoopMultiScaleIntegralsAndPhenomenologicalTwoLoopApplications.pdf
http://arxiv.org/abs/1507.06494v1;2015-07-23T13:56:50Z;2015-07-23T13:56:50Z;MatrixFactorizationsAndTheLandauGinzburgConformalFieldTheoryCorrespondence.pdf;  This Is The Author's Phd Thesis, Which Focuses On The So Calledlandau Ginzburg Conformal Field Theory Correspondence. This Correspondencedates From The Late 80s And Early 90s In The Physics Literature And Inparticular, It Predicts A Relation Between Defects In Landau Ginzburg Modelsand Defects In Conformal Field Theories. This Relation Is Supported Byexamples, But Not Understood In General, Nor Up To Date Is There A Clearmathematical Conjecture Of The Landau Ginzburg Conformal Field Theorycorrespondence. The Pursuit Of A Precise Mathematical Statement Of Thisconjecture Continues To Generate A Rich Mathematical Output, And This Phdthesis Is Another Contribution Towards This End.;Ana Ros Camacho;math.QA;PhD thesis;http://arxiv.org/pdf/1507.06494v1.pdf;./files/MatrixFactorizationsAndTheLandauGinzburgConformalFieldTheoryCorrespondence.pdf
http://arxiv.org/abs/math-ph/0601031v1;2006-01-15T14:18:26Z;2006-01-15T14:18:26Z;WeilRepresentation,DeligneSheaf,AndProofOfTheKurlbergRudnickConjecture.pdf;  This Is My Ph.d. Thesis Written Under The Direction Of Prof. Joseph Bernsteinat Tel Aviv University. Submitted  March 2005.;Shamgar Gurevich;math-ph;"This is my Ph.D. thesis written under the direction of Prof. Joseph
  Bernstein at Tel-Aviv University (Submitted: March 2005). Among other things
  it also includes the first constructions of ""Hecke Eigenscars""";http://arxiv.org/pdf/math-ph/0601031v1.pdf;./files/WeilRepresentation,DeligneSheaf,AndProofOfTheKurlbergRudnickConjecture.pdf
http://arxiv.org/abs/1910.01776v1;2019-10-03T11:34:15Z;2019-10-03T11:34:15Z;BundleGerbesAndTheWeylMap.pdf;  This Masters Thesis Reviews Bundle Gerbe Theory And The Well Known Basicbundle Gerbe Over Su N . We Introduce The Cup Product Bundle Gerbe, And Show Itis Stably Isomorphic To The Pullback Of The Basic Bundle Gerbe By The Weyl Map.this Result Enriches Our Understanding Of The Basic Bundle Gerbe, Which Hasnumerous Applications In Physics.;Kimberly Becker;math.DG;Masters thesis, 120 pages;http://arxiv.org/pdf/1910.01776v1.pdf;./files/BundleGerbesAndTheWeylMap.pdf
http://arxiv.org/abs/hep-th/0506064v3;2005-06-27T14:25:38Z;2005-06-08T13:45:09Z;NoncommutativeSupersymmetricIntegrableModelsAndStringTheory.pdf;  In This Thesis My Papers Hep Th 0104190, Hep Th 0310214, Hep Th 0405072 Andhep Th 0406065 Are Put Into Context. The Thesis Is Mainly Focused Onnoncommutative Field Theory And String Theory, So Results In The Papers Thatare Not Related To This Main Theme Are Not Discussed In Detail. The Thesis Isalmost Selfcontained And In Particular The First Chapter Might Be Useful As Anintroduction To Non Anti Commutative Geometry And Its Relation To Superstringtheory For Beginners In The Field. The Following Chapters Also Contain Somereview Material That Is Not Present In The Papers, Concerning Some Selectedtopics In The Theory Of Integrable Models And A Discussion Of The Main Featuresof The Pure Spinor Approach To Superstrings. The Thesis Was Handed In Inoctober 2004, So The Bibliography Only Refers To Work Appeared On The Webbefore This Date.;Laura Tamassia;hep-th;"Ph.D. thesis; 185 pages, 30 figures. v3: more references added";http://arxiv.org/pdf/hep-th/0506064v3.pdf;./files/NoncommutativeSupersymmetricIntegrableModelsAndStringTheory.pdf
http://arxiv.org/abs/0911.3413v1;2009-11-17T22:12:34Z;2009-11-17T22:12:34Z;TopologicalStringsAndQuantumCurves.pdf;  This Thesis Presents Several New Insights On The Interface Betweenmathematics And Theoretical Physics, With A Central Role For Fermions Onriemann Surfaces. First Of All, The Duality Between Vafa Witten Theory And Wzwmodels Is Embedded Into String Theory. Secondly, This Model Is Generalized To Aweb Of Dualities Connecting Topological String Theory And N=2 Supersymmetricgauge Theories To A Configuration Of D Branes That Intersect Over A Riemannsurface. This Description Yields A New Perspective On Topological String Theoryin Terms Of A Kp Integrable System Based On A Quantum Curve. Thirdly, Thisthesis Describes A Geometric Analysis Of Wall Crossing In N=4 String Theory.and Lastly, It Offers A Novel Approach To Construct Metastable Vacua In Typeiib String Theory.;Lotte Hollands;hep-th;PhD thesis, July 2009, 308 pages, 65 figures;http://arxiv.org/pdf/0911.3413v1.pdf;./files/TopologicalStringsAndQuantumCurves.pdf
http://arxiv.org/abs/1209.0982v1;2012-09-05T14:00:01Z;2012-09-05T14:00:01Z;AnInverseBoundaryValueProblemForTheMagneticSchrödingerOperatorOnAHalfSpace.pdf;"  This Licentiate Thesis Is Concerned With An Inverse Boundary Value Problemfor The Magnetic Schr\""odinger Equation In A Half Space, For Compactlysupported Potentials $a\in W^{1,\infty} \bar{\mathbb{r}^3_{ }},\r^3 $ And $q\in L^{\infty} \bar{\mathbb{r}^3_{ }},\c $. We Prove That $q$ And The Curl Of$a$ Are Uniquely Determined By The Knowledge Of The Dirichlet To Neumann Map Onparts Of The Boundary Of The Half Space. The Existence And Uniqueness Of Thecorresponding Direct Problem Are Also Considered.";Valter Pohjola;math.AP;"This is a licentiate thesis and will eventually be a part of a PhD
  thesis";http://arxiv.org/pdf/1209.0982v1.pdf;./files/AnInverseBoundaryValueProblemForTheMagneticSchrödingerOperatorOnAHalfSpace.pdf
http://arxiv.org/abs/1002.1698v1;2010-02-08T19:46:01Z;2010-02-08T19:46:01Z;StudioDellaMisuraDiSinaiRuelleBowenInUnSistemaSemplice.pdf;"  In This Thesis We Discuss Some Applications Of The Theory Of Anosov Systemsto Nonequilibrium Statistical Mechanics. In Particular, We Perform Aperturbative Check Of The Gallavotti Cohen Fluctuation Relation For A Simpleanosov System; We Find That The Lack Of Differentiability Of The Time Reversaloperator Implies A Violation Of The Gallavotti Cohen Fluctuation Relation.";Marcello Porta;math-ph;"115 pages, 15 figures. Master thesis, 2007, in Italian. The results
  of the thesis are presented in arXiv:0909.2932";http://arxiv.org/pdf/1002.1698v1.pdf;./files/StudioDellaMisuraDiSinaiRuelleBowenInUnSistemaSemplice.pdf
http://arxiv.org/abs/1502.04503v1;2015-02-16T11:52:56Z;2015-02-16T11:52:56Z;AstrophysicalTestsOfModifiedGravity.pdf;  Chameleon And Similar  Symmetron And Dilation  Theories Of Gravity Canexhibit New And Interesting Features On Cosmological Scales Whilst Screeningthe Modifications On Small Scales Thereby Satisfying Solar System Tests Ofgeneral Relativity. This Thesis Explores The Regime Between These Two Scales Astrophysics. The Majority Of This Thesis Is Focused On Discerning New Andnovel Astrophysical Probes Of Chameleon Gravity In The Form Of Stellarstructure And Oscillation Tests. These Are Used To Place New Constraints On Thetheory Parameters And The Implications Of These Are Discussed, As Are Thefuture Prospects For Improving Them Using Planned Future Surveys. The Final Twochapters Review Supersymmetric Completions Of These Theories.;Jeremy Sakstein;astro-ph.CO;"Ph.D. thesis, University of Cambridge June 2014. 302 pages, 27
  figures";http://arxiv.org/pdf/1502.04503v1.pdf;./files/AstrophysicalTestsOfModifiedGravity.pdf
http://arxiv.org/abs/hep-ph/9709437v1;1997-09-24T03:01:46Z;1997-09-24T03:01:46Z;EffectiveLagrangianModelsForGaugeTheoriesOfFundamentalInteractions.pdf;  In This Thesis We Show That The Effective Lagrangian Models, Encoding Therelevant Symmetries Of The Underlying Fundamental Gauge Theory For Stronginteractions  Qcd , Provide A Reasonable Understanding Of The Interactionsamong Light Mesons At Intermediate Energies As Well As Of The Properties Ofheavy Baryons.;Francesco Sannino;hep-ph;"PhD Thesis at Syracuse Univ. USA, 159 pages (LaTeX), 30 PostScript
  Figures are included as tar.Z compressed file";http://arxiv.org/pdf/hep-ph/9709437v1.pdf;./files/EffectiveLagrangianModelsForGaugeTheoriesOfFundamentalInteractions.pdf
http://arxiv.org/abs/hep-ph/0306153v2;2004-04-27T11:06:33Z;2003-06-17T10:57:25Z;QuantumElectrodynamicBoundStateCalculationsAndLargeOrderPerturbationTheory.pdf;  The Subjects Which Are Discussed In This Thesis Include  The Self Energy Of Abound Electron And The Spin Dependence Of Qed Corrections In Bound Systems,convergence Acceleration Techniques, And Resummation Methods For Divergentseries With An Emphasis On Physical Applications.;Ulrich D. Jentschura;hep-ph;"124 pages; based on a habilitation thesis (2003), University of
  Dresden; references to the work by Mastrolia, Bonciani and Remiddi updated";http://arxiv.org/pdf/hep-ph/0306153v2.pdf;./files/QuantumElectrodynamicBoundStateCalculationsAndLargeOrderPerturbationTheory.pdf
http://arxiv.org/abs/math/0004117v1;2000-04-18T02:07:31Z;2000-04-18T02:07:31Z;TheGeometryOfBundleGerbes.pdf;"  This Thesis Reviews The Theory Of Bundle Gerbes And Then Examines The Higherdimensional Notion Of A Bundle 2 Gerbe. The Notion Of A Bundle 2 Gerbeconnection And 2 Curving Are Introduced And It Is Shown That There Is A Classin $h^{4} M;\z $ Associated To Any Bundle 2 Gerbe.";Danny Stevenson;math.DG;PhD thesis, 153 pages;http://arxiv.org/pdf/math/0004117v1.pdf;./files/TheGeometryOfBundleGerbes.pdf
http://arxiv.org/abs/math/0703336v1;2007-03-12T12:24:11Z;2007-03-12T12:24:11Z;ConformalCovarianceAndRelatedPropertiesOfChiralQft.pdf;  This Phd Thesis Focuses On Local Conformal Nets Of Von Neumann Algebras Onthe Circle. For A More Detailed Description Of Its Content And Of The Resultspublished Within, See Its Preface.;Mihály Weiner;math.OA;"PhD thesis (2005), Dipartimento di Matematica, Universit\'a di Roma
  ""Tor Vergata""";http://arxiv.org/pdf/math/0703336v1.pdf;./files/ConformalCovarianceAndRelatedPropertiesOfChiralQft.pdf
http://arxiv.org/abs/math-ph/0512091v1;2005-12-29T02:29:16Z;2005-12-29T02:29:16Z;LocalScatteringOperatorsForPΦ_2ModelsAndTheTimeDependentSchrödingerEquation.pdf;"  We Establish The Existence Of Bogoliubov's Local Scattering Operators Forp \phi _2 Models Of Constructive Quantum Field Theory In A Nonperturbative Way.to This End, We Use The Technique Of Evolution Semigroups To Prove A New Resulton Wellposedness Of The Cauchy Problem For The Time Dependent Schr\""odingerequation Under Very General Assumptions.";Tobias Schlegelmilch;math-ph;Ph.D. thesis, 121 pages;http://arxiv.org/pdf/math-ph/0512091v1.pdf;./files/LocalScatteringOperatorsForPΦ_2ModelsAndTheTimeDependentSchrödingerEquation.pdf
http://arxiv.org/abs/quant-ph/0309045v1;2003-09-04T04:24:53Z;2003-09-04T04:24:53Z;PrecisQuantumFeedback.pdf;  The Following Is The Body Of Page Ix Of The Phd Thesis Quantum Trajectoriesand Feedback By H.m. Wiseman  Physics Department, University Of Queensland,1994 , Which Is Downloadable As A Postscript File Athttp   Www.sct.gu.edu.au ~sctwiseh Phdthesis.ps.z . It Is  As It Describeditself  A Very Brief Technical Summary Of The Most Important Results Therein.;H. M. Wiseman;quant-ph;"1 page. This work was executed in 1994 in response to the challenge
  of emulating the (almost certainly apocryphal) achievement of a one-page PhD
  thesis";http://arxiv.org/pdf/quant-ph/0309045v1.pdf;./files/PrecisQuantumFeedback.pdf
http://arxiv.org/abs/0810.2968v2;2008-10-31T16:27:08Z;2008-10-16T17:28:09Z;IntegrabilityAndChaosAlgebraicAndGeometricApproach.pdf;  This Thesis Presents Two Descriptions Of Complexity In Dynamical Systems. Thealgebraic Approach Deals With The Differential Galois Group Theory And Itsrestrictions On Integrability. The Geometric Part Is A Formulation Of Dynamicsin The Language Of Differential Geometry With Particular Application Tolyapunov Exponents And Variational Equations. The Algorithm For Calculating Thelyapunov Spectrum Is Illustrated With Three Examples.;Tomasz Stachowiak;math-ph;PhD thesis. 41 pages, 9 figures;http://arxiv.org/pdf/0810.2968v2.pdf;./files/IntegrabilityAndChaosAlgebraicAndGeometricApproach.pdf
http://arxiv.org/abs/0811.2136v2;2008-11-21T18:27:12Z;2008-11-13T16:01:35Z;FlavourChangingAtCollidersInTheEffectiveTheoryApproach.pdf;  In This Thesis We Discuss The Combined Effects Of Strong And Electroweak Fcnceffective Operators In Top Quark Physics At The Cern Lhc And Lepton Flavourviolation At The Ilc With Dimension Six Effective Operators.;Renato Batista Guedes;hep-ph;PhD Thesis, 142 pages, 34 figures;http://arxiv.org/pdf/0811.2136v2.pdf;./files/FlavourChangingAtCollidersInTheEffectiveTheoryApproach.pdf
http://arxiv.org/abs/1112.2084v1;2011-12-09T12:36:01Z;2011-12-09T12:36:01Z;BipartiteEntanglementOfLocalizedSeparatedSystems.pdf;  The Main Part Of This Thesis Is Devoted To The Dynamics Of Entanglement Inmatter Radiation Interaction And Circuit Qed Systems, And Its Relationship Withthe Notion Of Causality. Results On Non Rwa Effects In Circuit Qed And Quantumsimulations Of Relativistic Dynamics Are Also Included.;Carlos Sabín;quant-ph;"PhD. Thesis. November 2011, Universidad Complutense de Madrid.
  Acknowledgements in spanish. 149 pages";http://arxiv.org/pdf/1112.2084v1.pdf;./files/BipartiteEntanglementOfLocalizedSeparatedSystems.pdf
http://arxiv.org/abs/1201.5712v1;2012-01-27T07:51:59Z;2012-01-27T07:51:59Z;StudyOfEarlyUniverseInAnMTheoreticModel.pdf;  In This Thesis We Study Early Universe In The Frame Work Of M Theory. Inparticular We Assume That The Early Universe Is Homogeneous, Anisotropic, Andis Dominated By The Mutually Bps 22'55' Intersecting Branes Of M Theory. Wefind That, Asymptotically, Three Spatial Directions Expand To Infinity And Theremaining Spatial Directions Reach Stabilised Values. We Give A Physicaldescription Of The Stabilisation Mechanism.;Samrat Bhowmick;hep-th;PhD Thesis. Advisor: S. Kalyana Rama;http://arxiv.org/pdf/1201.5712v1.pdf;./files/StudyOfEarlyUniverseInAnMTheoreticModel.pdf
http://arxiv.org/abs/1202.0195v1;2012-02-01T15:45:38Z;2012-02-01T15:45:38Z;RgeAndTheFineTuningProblem.pdf;  In This Msc Thesis Rge For General Gauge Theory With Scalars And Fermions Andthe Fine Tuning Problem Are Studied. The Results Are Applied To The Standardmodel And Standard Model Extension With Additional Singlet Scalar Field. Thecorrelation Between The Higgs Mass And The Scale At Which New Physics Isexpected To Occur Is Studied Based On A Fine Tuning Arguments, Such As Theveltman Condition.;Aleksandra Drozd;hep-ph;MSc thesis, 68 pages;http://arxiv.org/pdf/1202.0195v1.pdf;./files/RgeAndTheFineTuningProblem.pdf
http://arxiv.org/abs/quant-ph/0602107v1;2006-02-13T20:18:04Z;2006-02-13T20:18:04Z;LocalisingRelationalDegreesOfFreedomInQuantumMechanics.pdf;"  This Thesis Presents A Wide Ranging Study Of Localising Relational Degrees Offreedom. Three Physical Systems Are Studied In Depth, Each Built Upon A Simplemeasurement Based Process. For Each Physical System   Light From Independentsources Leaking Onto A Beam Splitter Monitored By Photodetectors, Spatiallyinterfering Bose Einstein Condensates Extracted From Separate Preparationprocedures, And Delocalised Massive Particles Or Mirrors Scattering Light Whichis Detected In The Far Field   The Thesis Investigates The Key Features Of Theunderlying Process Of Localisation, And Explores The Properties Of The Inducedpost Measurement States Of The System. A Range Of Analytical And Numericalmethods Are Used. Many New Results Are Presented   For Example, Cases Of Mixedinitial States Are Considered In Addition To The More Commonly Considered Purestates. Up To Now There Has Been Little Attempt To Develop In Detail The Themescommon To Studies Concerned With Specific Physical Examples. This Thesisaddresses This, And Sets Out A ""modus Operandi"" That Can Be Applied Widely. Avariety Of Specific Applications Are Considered   Both In The Context Ofcontrolled Laboratory Experiments, And With A View To Understanding Processesoccurring In Nature. The Thesis Is Introduced And Summarised In Chapter 1.chapter 2 Studies Localising Relative Optical Phase In The Canonicalinterference Process. This Discussion Is Extended And Applied In Chapter 3.chapter 4 Discusses Localising Relative Atomic Phase In Interferenceexperiments With Bose Einstein Condensates. The Emergence Of Relative Positionsbetween Particles Scattering Light Is Explored In Chapter 5. The Thesisconcludes With An Outlook, Chapter 6.";Hugo Cable;quant-ph;PhD thesis, 130 pages;http://arxiv.org/pdf/quant-ph/0602107v1.pdf;./files/LocalisingRelationalDegreesOfFreedomInQuantumMechanics.pdf
http://arxiv.org/abs/cond-mat/0607739v1;2006-07-27T21:08:26Z;2006-07-27T21:08:26Z;TheDensityOfStatesInTheTwoDimensionalElectronGasAndQuantumDotsPh.d.Thesis,CornellUniversity,January1991.pdf;  This Thesis Describes Capacitance And Tunneling Experiments Performed Ontwo Dimensional Electron Gas  2deg  And Quantum Dot Systems. It Develops Asystem Of Equations That Allow Determination, By Means Of Capacitancemeasurements, Of The Electronic Density Of States, The Electron Density, Andthe Chemical Potential In A 2deg. The Thesis Describes The Use Of Thesetechniques In The Observation Of A Magnetic Field Induced Energy Gap Totunneling In The 2deg And The Single Electron Addition Spectrum In Arrays Ofquantum Dots.;R. C. Ashoori;cond-mat.mes-hall;256 pages;http://arxiv.org/pdf/cond-mat/0607739v1.pdf;./files/TheDensityOfStatesInTheTwoDimensionalElectronGasAndQuantumDotsPh.d.Thesis,CornellUniversity,January1991.pdf
http://arxiv.org/abs/hep-ph/9608473v1;1996-08-28T19:07:44Z;1996-08-28T19:07:44Z;MesonPropertiesInTheQuarkModelALookAtSomeOutstandingProblems.pdf;  This Thesis Examines Three Problems Of The Quark Model, Split Between Twogeneral Areas. The General Areas Are  1  Models Of Meson Decay  $^3p_0$ Andflux Tube Breaking , 2  Final State Interactions  Fsi's .  The Three Specific Problems Are  1  Identification Of The $f_4 2220 $ State,2  Determination Of The Mixing Angle Between The $k_1 1270 $ And $k_1 1400 $mesons, 3  Examination Of Fsi's In The Reaction $\gamma \gamma \rightarrow \pi\pi$ Near Threshold.  A More Complete Abstract Is Included In The Thesis.;Harry G. Blundell;hep-ph;Ph.D. thesis, 137 pages, latex;http://arxiv.org/pdf/hep-ph/9608473v1.pdf;./files/MesonPropertiesInTheQuarkModelALookAtSomeOutstandingProblems.pdf
http://arxiv.org/abs/hep-ph/0108160v5;2005-06-21T14:23:47Z;2001-08-20T17:00:55Z;TowardsTheSolutionOfSchwingerDysonEquationsInMinkowskiSpace.pdf;  This Is An Abstract Of Authors Phd Thesis Which Is Devoted To Studies Ofquantum Field Models With Strong Coupling. The {\em Schwinger Dyson Equations} Sdes  In Momentum Representation Are Solved In Minkowski Space. The Originalversion Of The Paper Hep Ph 0108160 Is Included In. The Full Text Of Author'sphd Thesis Can Be Found At This Www 'http   Gemma.ujf.cas.cz ~sauli Papers.html';V. Sauli;hep-ph;Abstract of PhD Thesis, 25 pages;http://arxiv.org/pdf/hep-ph/0108160v5.pdf;./files/TowardsTheSolutionOfSchwingerDysonEquationsInMinkowskiSpace.pdf
http://arxiv.org/abs/hep-th/9806179v1;1998-06-21T14:41:40Z;1998-06-21T14:41:40Z;TopologicalAspectsOfQuantumGravity.pdf;  This Thesis Discusses The Topological Aspects Of Quantum Gravity, Focusing Onthe Connection Between 2d Quantum Gravity And 2d Topological Gravity. Themathematical Background For The Discussion Is Presented In The First Twochapters. The Possible Gauge Formulations Of 2d Topological Gravity As A Bf Ora Super Bf Theory Are Presented And Compared Against 2d Quantum Gravity In Thedynamical Triangulation Scheme. A New Identification Between Topologicalgravity In The Super Bf Formulation And The Reduced Hermitian Matrix Model Atgenus Zero Is Explained In Depth.;Morten Weis;hep-th;257 pages, 30 figures. Latex2e. Ph.D. thesis;http://arxiv.org/pdf/hep-th/9806179v1.pdf;./files/TopologicalAspectsOfQuantumGravity.pdf
http://arxiv.org/abs/hep-th/0310105v1;2003-10-10T19:43:34Z;2003-10-10T19:43:34Z;FromMTheoryToD=5SupergravityAndDualitySymmetricTheories.pdf;"  This Ph.d. Thesis Was Submitted To The Catholic University Of Leuven. Wediscuss Two Main Topics  Various Formulations Of Duality Symmetric Theories Andd=5 Supergravity  Both Construction And Supersymmetric Solutions . The Thesisis Structured As Follows  Ch. 1 Introduction; Ch. 2 String Theory Toolkit; Ch.3 Free Duality Symmetric Theories; Ch. 4 Interacting Duality Symmetrictheories; Ch. 5 Conformal Supergravity In D=5  Weyl Multiplets; Ch. 6 Conformalsupergravity In D=5  Matter And Gauge Fixing; Ch. 7 Supersymmetric Solutions Ind=5 Gauged Supergravity.";Sorin Cucu;hep-th;Ph.D. Thesis, KU Leuven, 204 pages, 9 figures, LaTex;http://arxiv.org/pdf/hep-th/0310105v1.pdf;./files/FromMTheoryToD=5SupergravityAndDualitySymmetricTheories.pdf
http://arxiv.org/abs/hep-th/0403066v1;2004-03-05T10:26:42Z;2004-03-05T10:26:42Z;BoundaryVersusBulkDynamicsOfExtendedObjectsAndTheFractalStructureOfQuantumSpacetime.pdf;  Subject Of This Thesis Is The Study Of A Closed Bosonic String  The Treatmentwill Follow An Approach Alternative With Respect To The Traditional One Andstems From A Research Line Pursued In By Eguchi. A Description Of The Dynamicsusing Nonstandard Analysis Is Given In Chapter 10 With Prerequisites Inappendices B And C. Detailed Calculation Are Carried Out Explicitly, Althoughmany Of Them Are Deferred To Appendix A.  Selected Parts Of This Thesis Have Been Published As Separate Articles By Theauthor  Ansoldi@trieste.infn.it  And Collaborators.;Stefano Ansoldi;hep-th;"2+26+239 pages; 2 figures";http://arxiv.org/pdf/hep-th/0403066v1.pdf;./files/BoundaryVersusBulkDynamicsOfExtendedObjectsAndTheFractalStructureOfQuantumSpacetime.pdf
http://arxiv.org/abs/hep-th/0502103v1;2005-02-10T19:18:23Z;2005-02-10T19:18:23Z;AspectsOfNonSupersymmetricStringsTheoriesOrWithBrokenSupersymmetry.pdf;  The First Part Of This Thesis Is A General Introduction To The Bosonic Andfermionic String Theory, To The Concept Of D Brane And To String Dualities. Adiscussion Of Anomalies Cancellation Closes The Chapter. The Second Part Of Thethesis Reviews The Basics Of Orientifold And Orbifold Constructions And Thescherk Schwarz Mechanism Of Supersymmetry Breaking. The Last Part Starts Withan Introduction To Standard Cosmology And Inflation. Alternatives To Inflationinspired From String Theory And Time Dependent Orbifolds Are Discussed. Finallytime Dependent Solutions Of Non Supersymmetric Strings Are Presented.;C. Timirgaziu;hep-th;112 pages, LaTeX, PhD thesis, in french;http://arxiv.org/pdf/hep-th/0502103v1.pdf;./files/AspectsOfNonSupersymmetricStringsTheoriesOrWithBrokenSupersymmetry.pdf
http://arxiv.org/abs/physics/9908044v1;1999-08-22T04:11:18Z;1999-08-22T04:11:18Z;BoseEinsteinCondensationOfAtomicHydrogen.pdf;  This Thesis Describes The Observation And Study Of Bose Einstein Condensationof A Trapped, Dilute Gas Of Atomic Hydrogen. The Condensate And Normal Gas Arestudied By Two Photon Spectroscopy Of The 1s 2s Transition. We Condense Over10^9 Atoms Per Second For Several Seconds, And The Peak Condensate Density Isaround 5x10^15 Cm^ 3. Topics Covered In The Thesis Include A Theoreticalanalysis Of Bose Condensed Hydrogen, A Description Of The Cryogenic Trappingcell And The Evaporative Cooling Techniques Used To Bring The Gas To Thecondensation Point, And An Analysis Of The Condensate.;Dale G. Fried;physics.atom-ph;"MIT PhD thesis; 173 pages, 63 figures";http://arxiv.org/pdf/physics/9908044v1.pdf;./files/BoseEinsteinCondensationOfAtomicHydrogen.pdf
http://arxiv.org/abs/quant-ph/0610253v1;2006-10-30T19:45:26Z;2006-10-30T19:45:26Z;EntanglementInQuantumInformationTheory.pdf;  This Thesis Covers Several Aspects Of Entanglement In The Context Of Quantuminformation Theory.;J. Eisert;quant-ph;"153 pages, 30 figures. An ancient PhD thesis, covering the time
  period April 1998 - December 2000. On quant-ph/9806088, quant-ph/9807034,
  quant-ph/9907021, quant-ph/9912080, quant-ph/0004076, quant-ph/0005101,
  quant-ph/0007081, quant-ph/0103096, quant-ph/0212007. Some material has only
  been published here (such as a more detailed discussion of entanglement loss
  under twirling with respect to the symmetric group as encountered in
  symmetric group superselection rules, an early independent proof that the
  negativity is an entanglement monotone and hence a proper measure of
  entanglement, discussions of entanglement transformations, catalysis, and
  non-local gates in distributed quantum computation, and some review material)";http://arxiv.org/pdf/quant-ph/0610253v1.pdf;./files/EntanglementInQuantumInformationTheory.pdf
http://arxiv.org/abs/1011.6570v1;2010-11-30T15:06:39Z;2010-11-30T15:06:39Z;FieldTheoryAspectsOfCosmologyAndBlackHoles.pdf;  In This Thesis We Study Some Aspects Of Cosmology And Black Holes Using Fieldtheoretic Techniques. In Second Chapter, We Present Lagrangian Formulation Forthe Non Relativistic As Well As Relativistic Generalized Chaplygin Gas  Gcg .in Rest Of The Thesis We Discuss Alternative Approaches To Compute The Fluxesof Hawking Radiation. These Methods Are Based On Covariant Gauge Gravitationalanomalies And Chiral Effective Action. We Also Discuss A Criterion Todifferentiate Various Black Hole Vacua Within The Framework Of Covariantanomaly Approach.;Shailesh Kulkarni;hep-th;"Ph.D. thesis (arXiv version). 126 pages, including front matter.
  Supervisor: Rabin Banerjee. Institution: S.N. Bose National Centre for Basic
  Sciences, Kolkata, India. Degree awarded on 11 August 2010 from Jadavpur
  University, Kolkata, India";http://arxiv.org/pdf/1011.6570v1.pdf;./files/FieldTheoryAspectsOfCosmologyAndBlackHoles.pdf
http://arxiv.org/abs/1409.6751v1;2014-09-23T20:43:41Z;2014-09-23T20:43:41Z;SupersymmetryAndTheSpectralAction.OnAGeometricalInterpretationOfTheMssm.pdf;  This Phd Thesis Aims At Combining The Framework Of Noncommutative Geometryand Supersymmetry. A Particular Class Of Non Commutative Geometries Calledalmost Commutative Geometries Can Be Used To Describe Particle Theories. Thisthesis Contains A Systematic Search For Such Almost Commutative Geometrieswhose Corresponding Spectral Action Exhibits Supersymmetry. Chapter 2 Discussesextensions Of The Standard Model In The Context Of Noncommutative Geometry Ingeneral. In Chapter Three A Framework Is Developed To Build And Analyzepotential Supersymmetric Theories. Chapter 4 Covers Supersymmetry Breakingmechanisms In This Context. Finally, The Approach Of Chapter Three Is Appliedto What Is To Yield The Non Commutative Version Of The Mssm In Chapter 5.;Thijs van den Broek;hep-th;PhD thesis;http://arxiv.org/pdf/1409.6751v1.pdf;./files/SupersymmetryAndTheSpectralAction.OnAGeometricalInterpretationOfTheMssm.pdf
http://arxiv.org/abs/1002.2109v1;2010-02-10T15:15:19Z;2010-02-10T15:15:19Z;GiantPlanetFormationInTheFrameworkOfTheCoreInstabilityModel.pdf;  In This Thesis I Studied The Formation Of The Four Giant Planets Of The Solarsystem In The Framework Of The Nucleated Instability Hypothesis. The Modelconsiders That Solids And Gas Accretion Are Coupled In An Interactive Fashion,taking Into Account Detailed Constitutive Physics For The Envelope. Theaccretion Rate Of The Core Corresponds To The Oligarchic Growth Regime. I Alsoconsidered That Accreted Planetesimals Follow A Size Distribution. One Of Themain Results Of This Thesis Is That I Was Able To Compute The Formation Ofjupiter, Saturn, Uranus And Neptune In Less Than 10 Million Years, Which Isconsidered To Be The Protoplanetary Disk Mean Lifetime.;Andrea Fortier;astro-ph.EP;PhD. Thesis. Full text in Spanish;http://arxiv.org/pdf/1002.2109v1.pdf;./files/GiantPlanetFormationInTheFrameworkOfTheCoreInstabilityModel.pdf
http://arxiv.org/abs/1408.1240v1;2014-08-06T10:51:39Z;2014-08-06T10:51:39Z;ComputingZ_top.pdf;  This Is The Text Of My Habilitation Thesis Defended At The \'ecole Normalesup\'erieure. The Topological String Presents An Arena In Which Many Featuresof String Theory Proper, Such As The Interplay Between Worldsheet And Targetspace Descriptions Or Open Closed Duality, Can Be Distilled Into Computationaltechniques Which Yield Results Beyond Perturbation Theory. In This Thesis, Iwill Summarize My Research Activity In This Area. The Presentation Is Organizedaround Computations Of The Topological String Partition Function Z_top Based Onvarious Perspectives On The Topological String.;Amir-Kian Kashani-Poor;hep-th;45+6 pages, habilitation thesis;http://arxiv.org/pdf/1408.1240v1.pdf;./files/ComputingZ_top.pdf
http://arxiv.org/abs/1503.06521v1;2015-03-23T04:04:50Z;2015-03-23T04:04:50Z;StudiesOnPointEstimatorsForIncompleteTomographyOfQutrits.pdf;  This Is A Bachelor's Thesis On Point Estimators For Incomplete Tomography Ofqutrits As Of 2014, Submitted To The National University Of Singapore. The Maincontent Of The Thesis Focuses On Various Methods Of Estimation Such As Maximumentropy And Average Estimator And Show That They Are Quite Different. Numericalsimulations Of These Methods Show However That These Estimators Perform Veryclose To One Another. Therefore On This Basis, There Is No Reason To Favor Onemethod Over Another.;Jing Hao Chai;quant-ph;Bachelor's thesis, 82 pages, 33 figures;http://arxiv.org/pdf/1503.06521v1.pdf;./files/StudiesOnPointEstimatorsForIncompleteTomographyOfQutrits.pdf
http://arxiv.org/abs/1708.02000v1;2017-08-07T06:23:53Z;2017-08-07T06:23:53Z;AnalysisOfSocialGroupDynamics.pdf;  In This Thesis The Method For Social Group Evolution Discovery, Called Ged,is Analyzed. Especially, Ged Method Is Compared With Other Methods Trackingchanges In Groups Over Time With Focus On Accuracy, Computational Cost, Ease Ofimplementation And Flexibility Of The Methods. The Methods Are Evaluated Onoverlapping And Disjoint Social Groups. Finally, Ged Method Is Run Withdifferent User Importance Measures.;Stanisław Saganowski;cs.SI;"My MSc thesis defended in June 2011. Please cite as: Saganowski S.
  Analysis of Social Group Dynamics, MSc thesis 2011";http://arxiv.org/pdf/1708.02000v1.pdf;./files/AnalysisOfSocialGroupDynamics.pdf
http://arxiv.org/abs/1908.00147v1;2019-07-31T23:47:27Z;2019-07-31T23:47:27Z;QuantumErrorCorrectionWithTheGkpCodeAndConcatenationWithStabilizerCodes.pdf;  Gottesman, Kitaev And Preskill Have Proposed A Scheme To Encode A Qubit In Aharmonic Oscillator, Which Is Called The Gkp Code. It Is Designed To Beresistant To Small Shift Errors Contained In Momentum And Position Quadratures.thus There's Some Intrinsic Fault Tolerance Of The Gkp Code. In This Thesis,wepropose A Method To Utilize All The Information Contained In The Continuousshifts, Not Just Simply Map A Gkp Encoded Qubit To A Normal Qubit. This Methodenables Us To Do Maximum Likelihood Decisions And Thus Increase Fault Toleranceof The Gkp Code. This Thesis Shows That The Continuous Nature Of The Gkp Codeis Quite Useful For Quantum Error Correction.;Yang Wang;quant-ph;50 pages, Master Thesis, RWTH-Aachen, Germany;http://arxiv.org/pdf/1908.00147v1.pdf;./files/QuantumErrorCorrectionWithTheGkpCodeAndConcatenationWithStabilizerCodes.pdf
http://arxiv.org/abs/1911.11670v1;2019-11-26T16:10:30Z;2019-11-26T16:10:30Z;BlackHolesInStringTheory.pdf;  Black Holes Are The Hydrogen Atoms Of Quantum Gravity. For Instance Solvingthe Information Loss Paradox Will Likely Require A Deep Understanding Of Howthe Long Sought Quantum Gravity Theory Works. In This Thesis We Explore Howblack Holes Are Modelled And How The Quantum Structure Emerges In The Contextof String Theory. We Will Mainly Limit To Four Dimensional Supersymmetricsolutions, Considering Black Holes Microstates From Three Different Viewpoints Intersecting String And Branes In String Theory, Supergravity Solutions Andground States Of The Supersymmetric Quantum Mechanics Living On The Worldvolumeof The Branes.  Phd Thesis, Lorenzo Pieri, 2016 2017 ;Lorenzo Pieri;hep-th;PhD Thesis, Lorenzo Pieri, 2016/2017;http://arxiv.org/pdf/1911.11670v1.pdf;./files/BlackHolesInStringTheory.pdf
http://arxiv.org/abs/hep-ph/9802431v1;1998-02-26T13:42:02Z;1998-02-26T13:42:02Z;NextToLeadingOrderCorrectionsToTheProductionOfHeavyFlavourJetsInEECollisions.pdf;  In This Thesis We Describe The Calculation Of The Process E  E    > Z Gamma > Q Qbar   X, Where Q Is A Heavy Quark, X Is Anything Else At Order Alpha_s^2.;Carlo Oleari;hep-ph;PhD thesis, 161 pages, LaTeX, epsfig, 35 figures;http://arxiv.org/pdf/hep-ph/9802431v1.pdf;./files/NextToLeadingOrderCorrectionsToTheProductionOfHeavyFlavourJetsInEECollisions.pdf
http://arxiv.org/abs/hep-ph/0310199v1;2003-10-16T17:20:33Z;2003-10-16T17:20:33Z;PhenomenologicalAspectsOfSupersymmetricGaugeTheories.pdf;  In This Thesis We Study Two Important Phenomenological Issues In The Contextof Supersymmetric Gauge Theories. In The Minimal Supersymmetric Standard Model Mssm  We Analyze Properties Of The Neutral Higgs Boson Decays Into Twoneutralinos. In The Second Part Of Our Work We Study In Detail The Proton Decayin The Minimal Supersymmetric Su 5  Theory.;Pavel Fileviez Perez;hep-ph;Ph.D Thesis, 120 pages;http://arxiv.org/pdf/hep-ph/0310199v1.pdf;./files/PhenomenologicalAspectsOfSupersymmetricGaugeTheories.pdf
http://arxiv.org/abs/hep-ph/0405295v1;2004-05-30T01:00:23Z;2004-05-30T01:00:23Z;ApplicationsOfInstantonsToHadronicProcesses.pdf;  In This Thesis We Study Two Processes In Which Instantons May Play Animportant Role  The Decays Of Charmonium States $\eta_c$, $\chi_c$ And Glueballand The Ozi Violation In Channels Relevant To The Proton Spin Decompositionpuzzle. We Also Present An Algorithm For Computation Of Integrals Over Compactgroups And Exemplify It On Integrals Over Su N  Fundamental And Adjointrepresentations.;Valeriu Zetocha;hep-ph;Ph.D. thesis. Advisor: Thomas Schaefer;http://arxiv.org/pdf/hep-ph/0405295v1.pdf;./files/ApplicationsOfInstantonsToHadronicProcesses.pdf
http://arxiv.org/abs/hep-ph/0504183v1;2005-04-20T22:06:38Z;2005-04-20T22:06:38Z;CpViolationInProductionAndDecayOfSupersymmetricParticles.pdf;  In This Thesis We Analyze Cp Violating Effects Of Mssm Phases In Productionand Two Body Decays Of Neutralinos, Charginos And Sfermions. For Differentsupersymmetric Processes We Define And Calculate Cp Odd Asymmetries, Which Baseon Triple Products. We Present Numerical Results For Electron Positroncollisions At A Future Linear Collider With A Center Of Mass Energy Of 500 800gev, High Luminosity And Longitudinally Polarized Beams.;O. Kittel;hep-ph;PhD thesis (2004), 142 pages, 39 figures;http://arxiv.org/pdf/hep-ph/0504183v1.pdf;./files/CpViolationInProductionAndDecayOfSupersymmetricParticles.pdf
http://arxiv.org/abs/hep-ph/0606300v1;2006-06-29T11:25:15Z;2006-06-29T11:25:15Z;SpontaneousSymmetryBreakingInStrongAndElectroweakInteractions.pdf;  This Is The Introduction To The Phd Thesis, Defended In June 2006. In Theoriginal Form It Was Appended With The Reprints Of The Author's Publishedpapers, And Is To Be Regarded As Their Summary. Full Details May Be Found Inthe Quoted Papers.;Tomas Brauner;hep-ph;57 pages, PhD thesis;http://arxiv.org/pdf/hep-ph/0606300v1.pdf;./files/SpontaneousSymmetryBreakingInStrongAndElectroweakInteractions.pdf
http://arxiv.org/abs/hep-th/9403143v2;1994-03-24T17:24:01Z;1994-03-23T15:46:56Z;TheBatalinVilkoviskyLagrangianQuantisationScheme,WithApplicationsToTheStudyOfAnomaliesInGaugeTheories.pdf;  Only The First 15 Percent Of The File Survived The Censor That Is Hidden Inthe Network Resources In A Previous Attempt To Submit This Thesis To Thebulletin Board. Hopefully This Makes An Uncorrupted File Available.;Frank De Jonghe;hep-th;Ph.D. thesis, KU Leuven, 189p;http://arxiv.org/pdf/hep-th/9403143v2.pdf;./files/TheBatalinVilkoviskyLagrangianQuantisationScheme,WithApplicationsToTheStudyOfAnomaliesInGaugeTheories.pdf
http://arxiv.org/abs/hep-th/9912021v2;1999-12-08T12:18:35Z;1999-12-03T12:40:45Z;LocalBrstCohomologyForPFormGaugeTheories.pdf;  In This Thesis, We Compute Within The Field Antifield Formalism The Localbrst Cohomology Of Various Theories Involving P Form Gauge Fields. A Particularemphasis Is Put On The Cohomology Groups Corresponding To The Consistent Localinteractions, Counterterms And Candidate Anomalies.;Bernard Knaepen;hep-th;"PhD thesis, Universite Libre de Bruxelles, May 1999. 152 pages, no
  figures, misquotes in references corrected";http://arxiv.org/pdf/hep-th/9912021v2.pdf;./files/LocalBrstCohomologyForPFormGaugeTheories.pdf
http://arxiv.org/abs/hep-th/0001172v1;2000-01-26T10:21:21Z;2000-01-26T10:21:21Z;FiniteVolumeSpectrumOfSineGordonModelAndItsRestrictions.pdf;  In This Thesis, We Review Recent Progresses On Nonlinear Integral Equationapproach To Finite Size Effects In Two Dimensional Integrable Quantum Fieldtheories, With Emphasis To Sine Gordon Massive Thirring Model And Restrictionsto Minimal Models Perturbed By $\phi_{1,3}$. Exact Calculations Of Thedependence Of Energy Levels On The Size Are Presented For Vacuum And Manyexcited States.;G. Feverati;hep-th;PhD thesis, 96 pages, 28 figures;http://arxiv.org/pdf/hep-th/0001172v1.pdf;./files/FiniteVolumeSpectrumOfSineGordonModelAndItsRestrictions.pdf
http://arxiv.org/abs/hep-th/0308186v2;2003-08-27T20:03:04Z;2003-08-27T19:11:13Z;ModelsOfGaugeFieldTheoryOnNoncommutativeSpaces.pdf;  In This Diploma Thesis Models Of Gauge Field Theory On Noncommutative Spacesare Studied. On The Canonically Deformed Plane We Discuss The Dependence Of Theestablished Gauge Theory On The Choice Of The Star Product. Furthermore, Gaugefield Theory On The Eq 2  Symmetric Plane Is Studied Using Two Differentapproaches, A Star Product Approach And An Algebraic Approach.;Frank Meyer;hep-th;89 pages,1 figure, Diploma-thesis;http://arxiv.org/pdf/hep-th/0308186v2.pdf;./files/ModelsOfGaugeFieldTheoryOnNoncommutativeSpaces.pdf
http://arxiv.org/abs/hep-th/0507184v1;2005-07-19T12:47:43Z;2005-07-19T12:47:43Z;SuperstringsBeyondOneLoop.pdf;  This Laurea Thesis Contains Six Introductory Chapters  I Vi  On Variousaspects Of String Theory, Mostly Related To String Compactifications,orientifold Constructions And Susy Breaking. On The Other Hand, The Lastchapter Contains Some New Results On Amplitudes On Surfaces With Eulercharacter  1 Or  2. These Are Based On The Construction Of D'hoker And Phong,and Contain Some Extensions Of Their Results To Type 0 Theories.;Giovanni Ricco;hep-th;Laurea Thesis (in Italian). Latex, 233 pages, 17 figures;http://arxiv.org/pdf/hep-th/0507184v1.pdf;./files/SuperstringsBeyondOneLoop.pdf
http://arxiv.org/abs/hep-th/0611255v1;2006-11-23T21:43:19Z;2006-11-23T21:43:19Z;SpecialHolonomyAndTwoDimensionalSupersymmetricSigmaModels.pdf;  Two Dimensional Sigma Models Describing Superstrings Propagating On Manifoldsof Special Holonomy Are Characterized By Symmetries Related To Covariantlyconstant Forms That These Manifolds Hold, Which Are Generally Non Linear Andclose In A Field Dependent Sense. The Thesis Explores Various Aspects Of Thespecial Holonomy Symmetries.;Vid Stojevic;hep-th;"PhD thesis, 149 pages; King's College London, 2006";http://arxiv.org/pdf/hep-th/0611255v1.pdf;./files/SpecialHolonomyAndTwoDimensionalSupersymmetricSigmaModels.pdf
http://arxiv.org/abs/quant-ph/0602126v1;2006-02-15T09:28:48Z;2006-02-15T09:28:48Z;OptimizationAndRealizationOfQuantumDevices.pdf;"  This Manuscript Must Be Intended As An Informal Review Of The Research Workscarried Out During Three Years Of Phd. ""informal"" In The Sense That Technicalproofs Are Often Omitted  They Can Be Found In The Papers  As One Could Do Fora Presentation In A Public Talk. Clearly, Some Background Of Quantum Mechanicsis Needed, Even If I Tried To Minimize The Prerequisites.";Francesco Buscemi;quant-ph;"PhD thesis. Related papers: quant-ph/0304071 quant-ph/0304175
  quant-ph/0305180 quant-ph/0310041 quant-ph/0407103 quant-ph/0504016
  quant-ph/0504195 quant-ph/0505095 quant-ph/0510155 quant-ph/0602125";http://arxiv.org/pdf/quant-ph/0602126v1.pdf;./files/OptimizationAndRealizationOfQuantumDevices.pdf
http://arxiv.org/abs/quant-ph/0603124v1;2006-03-14T21:07:58Z;2006-03-14T21:07:58Z;CharacterizationOfQuantumEntangledStatesAndInformationMeasures.pdf;  The Present Thesis Covers The Subject Of The Characterization Of Entangledstates By Recourse To Entropic Measures, As Well As The Description Ofentanglement Related To Several Issues In Quantum Mechanics, Such As The Speedof A Quantum Evolution Or The Connections Existing Between Quantum Entanglementand Quantum Phase Transitions.;Josep Batle-Vallespir;quant-ph;"Ph.D. Thesis (University of Balearic Islands). 255 pages. Advisors:
  Montserrat Casas and Angel R. Plastino. The last part is devoted to
  entanglement and quantum phase transitions";http://arxiv.org/pdf/quant-ph/0603124v1.pdf;./files/CharacterizationOfQuantumEntangledStatesAndInformationMeasures.pdf
http://arxiv.org/abs/0801.0224v1;2007-12-31T17:45:27Z;2007-12-31T17:45:27Z;DynamicalFermionsInLatticeQuantumChromodynamics.pdf;  The Thesis Will Present Results In Quantum Chromo Dynamics  Qcd  Withdynamical Lattice Fermions. The Topological Susceptibilty In Qcd Is Determined,the Calculations Are Carried Out With Dynamical Overlap Fermions. The Mostimportant Properties Of The Quark Gluon Plasma Phase Of Qcd Are Studied, Forwhich Dynamical Staggered Fermions Are Used.;K K Szabo;hep-lat;Ph.D. thesis (Advisor: Zoltan Fodor);http://arxiv.org/pdf/0801.0224v1.pdf;./files/DynamicalFermionsInLatticeQuantumChromodynamics.pdf
